<?xml version="1.0" encoding="utf-8"?>
<odoo>
    <data noupdate="1">
        <!-- Default Expense Categories -->
        <record id="expense_category_office_supplies" model="petty.cash.expense.category">
            <field name="name">Office Supplies</field>
            <field name="code">OFF</field>
            <field name="description">Stationery, pens, paper, and other office supplies</field>
            <field name="color">1</field>
        </record>

        <record id="expense_category_travel" model="petty.cash.expense.category">
            <field name="name">Travel &amp; Transportation</field>
            <field name="code">TRV</field>
            <field name="description">Local transportation, taxi, fuel, parking</field>
            <field name="color">2</field>
        </record>

        <record id="expense_category_meals" model="petty.cash.expense.category">
            <field name="name">Meals &amp; Entertainment</field>
            <field name="code">MEL</field>
            <field name="description">Business meals, refreshments, client entertainment</field>
            <field name="color">3</field>
        </record>

        <record id="expense_category_postage" model="petty.cash.expense.category">
            <field name="name">Postage &amp; Courier</field>
            <field name="code">PST</field>
            <field name="description">Mailing, shipping, courier services</field>
            <field name="color">4</field>
        </record>

        <record id="expense_category_utilities" model="petty.cash.expense.category">
            <field name="name">Utilities &amp; Services</field>
            <field name="code">UTL</field>
            <field name="description">Telephone, internet, small utility payments</field>
            <field name="color">5</field>
        </record>

        <record id="expense_category_maintenance" model="petty.cash.expense.category">
            <field name="name">Repairs &amp; Maintenance</field>
            <field name="code">MNT</field>
            <field name="description">Small repairs, maintenance supplies</field>
            <field name="color">6</field>
        </record>

        <record id="expense_category_miscellaneous" model="petty.cash.expense.category">
            <field name="name">Miscellaneous</field>
            <field name="code">MSC</field>
            <field name="description">Other small expenses not fitting other categories</field>
            <field name="color">7</field>
        </record>
    </data>
</odoo>
