id,name,model_id:id,group_id:id,perm_read,perm_write,perm_create,perm_unlink
access_petty_cash_fund_user,petty.cash.fund.user,model_petty_cash_fund,group_petty_cash_user,1,0,0,0
access_petty_cash_fund_custodian,petty.cash.fund.custodian,model_petty_cash_fund,group_petty_cash_custodian,1,1,0,0
access_petty_cash_fund_manager,petty.cash.fund.manager,model_petty_cash_fund,group_petty_cash_manager,1,1,1,1
access_petty_cash_request_user,petty.cash.request.user,model_petty_cash_request,group_petty_cash_user,1,1,1,0
access_petty_cash_request_custodian,petty.cash.request.custodian,model_petty_cash_request,group_petty_cash_custodian,1,1,1,0
access_petty_cash_request_accountant,petty.cash.request.accountant,model_petty_cash_request,group_petty_cash_accountant,1,1,1,0
access_petty_cash_request_manager,petty.cash.request.manager,model_petty_cash_request,group_petty_cash_manager,1,1,1,1
access_petty_cash_request_line_user,petty.cash.request.line.user,model_petty_cash_request_line,group_petty_cash_user,1,1,1,1
access_petty_cash_request_line_custodian,petty.cash.request.line.custodian,model_petty_cash_request_line,group_petty_cash_custodian,1,1,1,1
access_petty_cash_request_line_manager,petty.cash.request.line.manager,model_petty_cash_request_line,group_petty_cash_manager,1,1,1,1
access_petty_cash_expense_category_user,petty.cash.expense.category.user,model_petty_cash_expense_category,group_petty_cash_user,1,0,0,0
access_petty_cash_expense_category_custodian,petty.cash.expense.category.custodian,model_petty_cash_expense_category,group_petty_cash_custodian,1,1,0,0
access_petty_cash_expense_category_manager,petty.cash.expense.category.manager,model_petty_cash_expense_category,group_petty_cash_manager,1,1,1,1
access_petty_cash_reject_wizard_user,petty.cash.reject.wizard.user,model_petty_cash_reject_wizard,group_petty_cash_custodian,1,1,1,1
access_petty_cash_settlement_wizard_user,petty.cash.settlement.wizard.user,model_petty_cash_settlement_wizard,group_petty_cash_accountant,1,1,1,1
