<?xml version="1.0" encoding="utf-8"?>
<odoo>
    <!-- Module Category -->
    <record id="module_category_petty_cash" model="ir.module.category">
        <field name="name">Petty Cash Management</field>
        <field name="sequence">20</field>
    </record>

    <!-- User Groups -->
    <record id="group_petty_cash_user" model="res.groups">
        <field name="name">User</field>
        <field name="comment">Can create and submit petty cash requests</field>
        <field name="category_id" ref="module_category_petty_cash"/>
        <field name="implied_ids" eval="[(4, ref('base.group_user'))]"/>
    </record>

    <record id="group_petty_cash_custodian" model="res.groups">
        <field name="name">Custodian</field>
        <field name="comment">Can approve requests and disburse funds</field>
        <field name="category_id" ref="module_category_petty_cash"/>
        <field name="implied_ids" eval="[(4, ref('group_petty_cash_user'))]"/>
    </record>

    <record id="group_petty_cash_accountant" model="res.groups">
        <field name="name">Accountant</field>
        <field name="comment">Can validate bills and settle requests</field>
        <field name="category_id" ref="module_category_petty_cash"/>
        <field name="implied_ids" eval="[(4, ref('group_petty_cash_custodian'))]"/>
    </record>

    <record id="group_petty_cash_manager" model="res.groups">
        <field name="name">Manager</field>
        <field name="comment">Full access to petty cash management</field>
        <field name="category_id" ref="module_category_petty_cash"/>
        <field name="implied_ids" eval="[(4, ref('group_petty_cash_accountant'))]"/>
    </record>

    <!-- ============== RECORD RULES ============== -->
    
    <!-- Fund Rules -->
    <record id="petty_cash_fund_user_rule" model="ir.rule">
        <field name="name">Petty Cash Fund: User - see active funds</field>
        <field name="model_id" ref="model_petty_cash_fund"/>
        <field name="domain_force">[('state', '=', 'active')]</field>
        <field name="groups" eval="[(4, ref('group_petty_cash_user'))]"/>
    </record>

    <record id="petty_cash_fund_custodian_rule" model="ir.rule">
        <field name="name">Petty Cash Fund: Custodian - see all funds</field>
        <field name="model_id" ref="model_petty_cash_fund"/>
        <field name="domain_force">[(1, '=', 1)]</field>
        <field name="groups" eval="[(4, ref('group_petty_cash_custodian'))]"/>
    </record>

    <!-- Request Rules -->
    <record id="petty_cash_request_user_rule" model="ir.rule">
        <field name="name">Petty Cash Request: User - see own requests</field>
        <field name="model_id" ref="model_petty_cash_request"/>
        <field name="domain_force">[('requester_id', '=', user.id)]</field>
        <field name="groups" eval="[(4, ref('group_petty_cash_user'))]"/>
    </record>

    <record id="petty_cash_request_custodian_rule" model="ir.rule">
        <field name="name">Petty Cash Request: Custodian - see all</field>
        <field name="model_id" ref="model_petty_cash_request"/>
        <field name="domain_force">[(1, '=', 1)]</field>
        <field name="groups" eval="[(4, ref('group_petty_cash_custodian'))]"/>
    </record>

    <!-- Request Line Rules -->
    <record id="petty_cash_request_line_user_rule" model="ir.rule">
        <field name="name">Petty Cash Request Line: User - see own</field>
        <field name="model_id" ref="model_petty_cash_request_line"/>
        <field name="domain_force">[('request_id.requester_id', '=', user.id)]</field>
        <field name="groups" eval="[(4, ref('group_petty_cash_user'))]"/>
    </record>

    <record id="petty_cash_request_line_custodian_rule" model="ir.rule">
        <field name="name">Petty Cash Request Line: Custodian - see all</field>
        <field name="model_id" ref="model_petty_cash_request_line"/>
        <field name="domain_force">[(1, '=', 1)]</field>
        <field name="groups" eval="[(4, ref('group_petty_cash_custodian'))]"/>
    </record>

    <!-- Expense Category Rules -->
    <record id="petty_cash_expense_category_rule" model="ir.rule">
        <field name="name">Petty Cash Expense Category: All users see all</field>
        <field name="model_id" ref="model_petty_cash_expense_category"/>
        <field name="domain_force">[(1, '=', 1)]</field>
        <field name="groups" eval="[(4, ref('group_petty_cash_user'))]"/>
    </record>
</odoo>
